App Id,Rating,Rating Count,Installs,Minimum Installs,Maximum Installs,Price,Size
com.ishakwe.gakondo,0,0,10+,10,15,0,10M
com.webserveis.batteryinfo,4.4,64,"5,000+",5000,7662,0,2.9M
com.doantiepvien.crm,0,0,50+,50,58,0,3.7M
cst.stJoseph.ug17ucs548,5,5,10+,10,19,0,1.8M
com.horodyski.grower,0,0,100+,100,478,0,6.2M
com.imocci,0,0,50+,50,89,0,46M
getfreedata.superfatiza.unlimitedjiodataprank,4.5,12,"1,000+",1000,2567,0,2.5M
com.mozaix.simoneboard,2,39,500+,500,702,0,16M
com.whatsopen.app,0,0,10+,10,18,0,1.3M
com.ikeyboard.theme.neon_3d.iron.tech,4.7,820,"50,000+",50000,62433,0,3.5M
com.MrScratchEnterprises.CarDogeGame,4.9,55,100+,100,329,0,51M
com.eqra.android.BSTS.parent,0,0,100+,100,330,0,2.7M
com.jieapp.taoyuanmetro,3.9,118,"10,000+",10000,37763,0,7.6M
com.hastobe.bemobilised,0,0,100+,100,274,0,15M
com.caliwayconductor.driver,3.7,1572,"10,000+",10000,42856,0,29M
com.ionicfirebaseapp.readymadegroceryuserapp,4.2,16,"1,000+",1000,4313,0,12M
com.camineo.otentikdiscoveryDLFR,3.4,5,500+,500,949,0,2.9M
com.tkapplications.allinoneshoppingapp,5,6,50+,50,62,0,2.0M
com.grit.redmond,3.7,328,"10,000+",10000,31235,0,70M
com.felingdev.lowalpaper,0,0,1+,1,2,0,11M
np.com.NepaliCongress,0,0,100+,100,336,0,24M
com.bhavans.vim,0,0,10+,10,31,0,1.4M
com.mailbeegames.casual.brain.line.block.puzzlegame,4.4,211,"10,000+",10000,15471,0,16M
com.bisgumah.barbie,3.8,736,"500,000+",500000,646456,0,20M
com.gary.randomnumber,4.2,35,"10,000+",10000,21124,0,2.4M
com.mitochondriastudios.stickyball,4.6,11,100+,100,152,0,25M
jp.ga_software.cubicrunner,0,0,"1,000+",1000,1068,0,16M
com.melonappsvpn.dj_carsounds,0,0,100+,100,396,0,21M
com.forumloft.schoolbus,4.1,27,"1,000+",1000,2414,0,11M
com.cambodia.ceapp,3.4,16,"1,000+",1000,3784,0,6.2M
com.phorest.barnetshair,0,0,100+,100,345,0,36M
nl.haveaniceday.gaiazoo,3.4,67,"10,000+",10000,30921,0,7.6M
image.photo.brightness.editor,2.5,21,"5,000+",5000,8984,0,6.2M
com.creepypasta.club,0,0,10+,10,22,0,6.1M
beyond.translinkbustracker,2.3,420,"50,000+",50000,74510,0,2.6M
apetra.tourguide,3.7,143,"10,000+",10000,43422,0,11M
com.andromo.dev667101.app672597,2.1,33,"10,000+",10000,19889,0,3.7M
com.RaySemiSoft.CalculusT1,0,0,100+,100,277,0,15M
com.bhappdevelopment.samuelvankuren,0,0,1+,1,2,0,10M
com.techzit.sudanflagwallpaper,0,0,100+,100,468,0,8.9M
com.rzmobile.buradaoto,4.9,102,"1,000+",1000,4103,0,3.9M
com.movenowcustomer,0,0,1+,1,2,0,30M
com.niagara.wallpapers.backgrounds_0001,5,11,500+,500,825,0,21M
com.creatorsbureau.extrudebalance,5,8,"1,000+",1000,3427,0,26M
com.one.click.wifi.tethering.free,2.7,420,"50,000+",50000,59427,0,4.9M
com.s3software.psychrometry,4.3,20,"1,000+",1000,1396,0,4.3M
com.game.bouncebubble,0,0,10+,10,37,0,4.8M
hoostcomv2.francisco,0,0,100+,100,229,0,4.6M
com.andromo.dev298605.app412818,3.8,13,"1,000+",1000,1079,0,2.8M
com.innolab.BowlingParadiseProFREE,4.4,2781,"100,000+",100000,340980,0,38M
com.idnapps.actlanzarote,0,0,5+,5,8,0,7.6M
com.igs.camelia,0,0,500+,500,647,0,5.1M
com.vizyoner.kamesh,0,0,10+,10,17,0,8.9M
com.trainerize.coachmantrainingsystems,0,0,10+,10,25,0,147M
academy.crow.chemistrymission,0,0,50+,50,76,0,33M
appinventor.ai_burcu199146.GCMVIOP,3.1,17,"5,000+",5000,7119,0,3.7M
com.wmp.videotomp3converter.songvideocutter.audiovideocutter,3.8,31,"10,000+",10000,13524,0,38M
com.glowingapps.husbandwiferights,4.7,30,"10,000+",10000,10958,0,16M
shyftfly.com.shyftfly,0,0,100+,100,182,0,12M
com.IkhfaStudio.latihankebugaranjasmani,0,0,"1,000+",1000,1026,0,2.2M
eu.power_switch,4.3,266,"10,000+",10000,43836,0,7.1M
com.quizmine.electricalengineering,4.1,337,"100,000+",100000,107229,0,24M
com.radioestadodemexicoestacionesgratis.radioestadodemexico,4.7,12,500+,500,682,0,11M
se.mittmedia.blackcap.op,3.1,84,"10,000+",10000,27270,0,27M
com.racepak.vantage,3.7,6,500+,500,784,0,18M
com.albarzanji.maulidalbarzanji,0,0,500+,500,639,0,10M
fr.ekbz.churchManager,0,0,10+,10,21,0,7.7M
co.davos.snqkw,0,0,100+,100,186,0,32M
com.BlueDrop.PickLock,0,0,50+,50,79,0,19M
com.RehaStudio.CoffinMove,4.9,8,100+,100,205,0,39M
com.jenifaspells2.game,0,0,500+,500,654,0,31M
com.ufukbagci.myflashlight,4.3,6,100+,100,207,0,1.2M
co.varys.sinbd,5,5,10+,10,18,0,38M
net.e_motto.t9kar6q,0,0,10+,10,36,0,3.1M
com.dailyapptech.apkextractor,0,0,"1,000+",1000,2686,0,3.2M
com.HSS.TheBattleAtTheAlamo3DViewerv1,0,0,100+,100,163,0,42M
postermakerart.flyerdesign.flyermaker.postermakerart,3.9,9,500+,500,787,0,22M
hs.app.event,4.8,2663,"10,000+",10000,49190,0,4.1M
com.games.scalehero,3.3,7,"5,000+",5000,5554,0,50M
com.thegroomingcompany.tsorbie,0,0,50+,50,95,0,5.5M
com.koeln.zeitungen,0,0,10+,10,32,0,15M
svitolocapo.it,4.9,7,"1,000+",1000,1391,0,127k
com.excprotection.ircmobile,2.7,205,"50,000+",50000,53898,0,8.4M
com.jb.gosms.theme.getjar.fdcrystal,4,452,"10,000+",10000,45092,0,2.7M
com.devmobisoft.dailymindfulnessapp,0,0,"1,000+",1000,1157,0,41M
air.de.autoclubeuropa.ace,4.5,1592,"100,000+",100000,214635,0,11M
com.space.background2021,0,0,1+,1,3,0,18M
com.cnest.dthome,2.4,33,"1,000+",1000,4386,0,49M
com.wKURSIFUA,0,0,100+,100,108,0,1.3M
com.delhitransport.app,3.2,125,"10,000+",10000,36174,0,7.0M
net.drailing.weinfest,3.6,116,"10,000+",10000,23119,0,4.7M
com.Mahathi.Decon,0,0,10+,10,27,0,7.7M
com.lf.real.extreme.suv.offroad.drive.games.free,3.9,55218,"10,000,000+",10000000,30052692,0,43M
com.dumadugames.pocketbowling,3.6,576,"100,000+",100000,334144,0,22M
com.ampl.ambujaexports,0,0,100+,100,130,0,5.4M
com.trueberry.hometheatre,2.6,171,"100,000+",100000,119403,0,3.0M
appinventor.ai_moscluster_com.DNK,0,0,100+,100,103,0,1.6M
subtitle.sync.system,0,0,100+,100,472,0,2.1M
air.com.compasspub.interact3,2.6,21,"1,000+",1000,4961,0,37M
com.perfectconsulting.perfecttestrpmfree,0,0,5+,5,5,0,21M
com.appswiz.jaybocbdcfj,0,0,10+,10,29,0,3.6M
com.alpas.uniquelynelson,0,0,10+,10,30,0,1.8M
quebec.radiostations,0,0,5+,5,5,0,9.0M
com.hksr.eattsdra.drivers,0,0,50+,50,84,0,9.9M
com.tasteocracy.app,3.3,12,"1,000+",1000,1874,0,12M
com.rekleo.tvapp,0,0,1+,1,3,0,11M
com.starburstlabs.wealthbox_android.prod,4.6,54,"1,000+",1000,1377,0,6.1M
com.techzit.zebraprintwallpapers,0,0,500+,500,600,0,8.9M
com.wildflowerhealth.UGROW.WildflowerSWC,0,0,10+,10,29,0,31M
com.elsevier.editorial.revista.cirugiacardiovascular.spa,0,0,100+,100,372,0,25M
com.proj.dinocom.religidansholawat,0,0,100+,100,231,0,67M
com.al3aabna.trix,4.2,5102,"500,000+",500000,547730,0,29M
com.chikik.jesusvibes,0,0,"1,000+",1000,4727,0,28M
io.claudy.worker,0,0,100+,100,110,0,2.2M
jp.co.a_tm.android.plus_fluffy_love,4.3,473,"50,000+",50000,62317,0,1.2M
com.irv.vm_delay,,,50+,50,71,0,Varies with device
com.torch.ignite,5,21,100+,100,224,0,7.9M
com.pensemos.revo,4.4,10,100+,100,193,0,2.9M
com.ziosoft.namwordquiz,0,0,"1,000+",1000,1568,0,26M
com.theice.marketdata,4,11,"1,000+",1000,4134,0,3.3M
com.giydirBeni,3.4,36,"1,000+",1000,4492,0,6.0M
com.trevisan.gcshoppershow,0,0,50+,50,96,0,26M
com.merakiapp.nonstopplayukmusiclistenonlineradiostream,0,0,1+,1,3,0,5.7M
co.lynde.ffazo,5,8,10+,10,33,0,37M
network.ubic.ubic,4,37,"1,000+",1000,1148,0,9.8M
com.smartwho.SmartFileManager,4.4,18241,"1,000,000+",1000000,3741253,0,5.0M
com.historyisfun.somalia,4.3,261,"100,000+",100000,140707,0,11M
com.coolcoderz.notes2go,4.8,74,100+,100,279,0,1.7M
com.vidyamantra.cmoodleapp224,0,0,100+,100,136,0,26M
com.AchmadDroid.BukuSiswa.K13Rev2014.Kelas10Fikih,0,0,"1,000+",1000,1724,0,27M
com.appejulcottonero.emisorasunidas897radioonlinefm,0,0,10+,10,34,0,7.4M
com.trivieroninja.factu,5,5,10+,10,37,0,21M
com.tickaroo.enterprise.android7752093899737824318.vflwathlingen,0,0,50+,50,82,0,36M
com.fately.mirrormirror,4.3,6,100+,100,171,0,1.9M
ru.OlMal.AteroskSimpSovet,0,0,100+,100,112,0,3.2M
com.eveplay.flappybird,1.5,8,"1,000+",1000,1922,0,3.5M
com.youxi.funfit,0,0,10+,10,17,0,67M
com.grand.robot.fight.lion.tiger.transform.jet.war.shooting.combo.fight.game,4.8,450,"100,000+",100000,152470,0,Varies with device
com.app_clubeay.layout,0,0,100+,100,344,0,11M
com.makeshop.powerapp.smare6,0,0,500+,500,873,0,3.8M
com.vg.speed.car.racing.furious.stunts.games,4.2,149,"50,000+",50000,84421,0,Varies with device
com.johnrobertsnissan.dealerapp,0,0,100+,100,312,0,6.4M
com.wynbee.smart,0,0,100+,100,105,0,50M
com.DentistHospitalSurgery.Simulation,0,0,10+,10,24,0,8.1M
com.recipesjunction.chaatrecipe.chaatrecipesinenglish,0,0,100+,100,112,0,6.5M
com.dunjegame.lejeudedadagratuit,3.7,557,"50,000+",50000,87088,0,16M
appinventor.ai_shugo10688.Orientacion_Espacial_1111,0,0,10+,10,42,0,4.4M
ory.ahki,4.1,15,50+,50,94,0,7.6M
cy.com.ssm.wblemesos,0,0,"1,000+",1000,2183,0,10M
com.neuronapp.android,4,305,"10,000+",10000,32673,0,45M
com.app.otobeez,3.7,6,500+,500,885,0,8.4M
com.beneid.nafezah2020,0,0,10+,10,43,0,1.4M
com.moblei.newWayoftheCross,0,0,50+,50,69,0,16M
air.EscapeGamesJolly42,4,25,500+,500,862,0,5.7M
com.redmatrix.visage.haunted.house,3.5,24,"1,000+",1000,4820,0,Varies with device
com.aygun.firework,2.9,36,"5,000+",5000,9229,0,5.4M
com.UMS.upr.delivery,0,0,10+,10,36,0,2.8M
air.th.go.most.tupperware,4,8,100+,100,472,0,28M
kurdsofts.net.khavas_mive,4.6,4047,"100,000+",100000,424167,0,8.1M
com.nuevareceta.pincho,0,0,10+,10,29,0,12M
com.oatjohndrip.asifhabibisaadlamjarred,0,0,500+,500,502,0,3.8M
com.alcorao.portugues,4.3,86,"10,000+",10000,14463,0,7.2M
com.beautifulp.benefitofpomegranate,0,0,100+,100,103,0,5.1M
com.wowapps.urdukeyboard,4.8,12,"1,000+",1000,3381,0,24M
com.dev.roblex_app_new,0,0,"1,000+",1000,3993,0,13M
com.UshkalkaMob.TheBrownieStrategist,4.1,42,"1,000+",1000,2828,0,3.2M
net.moblee.investesp,0,0,100+,100,109,0,10M
com.bobby.pitch,4.9,11,10+,10,25,0,11M
com.pathagar.tarun,4.8,1324,"50,000+",50000,56129,0,12M
sanjose.gurdwara.com.sanjosegurdwara,5,10,500+,500,779,0,6.9M
appinventor.ai_BryanWangWJ.AdditionColumnForm,0,0,50+,50,69,0,3.1M
bible.wordgame.verse.wordstacks.puzzle,4.9,3159,"100,000+",100000,128722,0,36M
com.sinopacific.installergps,4.5,8,500+,500,830,0,10M
com.banquest,0,0,100+,100,247,0,7.4M
com.rabai.quran,0,0,500+,500,664,0,60M
pomcoonglala.photo.frame.valentine.love.collage,4.5,245,"100,000+",100000,110259,0,6.5M
com.truestatus,0,0,10+,10,21,0,3.9M
com.parlamento.itania,0,0,10+,10,18,0,4.8M
com.freewifi_hacker_speedanalyzer.wifianalyzerw,0,0,100+,100,159,0,6.6M
com.breezewaytech.sid.sayitdoc,3.8,18,"1,000+",1000,3458,0,4.0M
com.shop1313,4.3,18,"1,000+",1000,2340,0,Varies with device
com.ashkreations,0,0,500+,500,670,0,8.1M
swedish.funny.game.vocabulary.word,4.4,53,"10,000+",10000,12927,0,Varies with device
com.crsh.transmute.robotsuperhero,3.9,3157,"1,000,000+",1000000,3986369,0,Varies with device
com.LipstickColorIdeas.bbsdroid,2.4,5,"10,000+",10000,11682,0,5.0M
com.subcortical.collapsystairs,0,0,"1,000+",1000,2422,0,17M
com.whgos.swatcustomerandroid,2.5,73,"10,000+",10000,14264,0,17M
co.alexis.nmkkr,0,0,10+,10,21,0,38M
com.project.hector.sensorlab,5,6,100+,100,191,0,6.0M
com.battistella.henrique.simplerpgdices,0,0,1+,1,4,0,3.6M
com.coworker.radio.nederland,0,0,100+,100,119,0,4.2M
com.woodcanyonstore.app,0,0,1+,1,2,0,3.6M
com.currencyandgoldprice.switzerland,0,0,50+,50,50,0,3.5M
com.greencopper.android.artrock,4.2,35,"10,000+",10000,10302,0,58M
com.actiontourguide.wattraimit,0,0,10+,10,40,0,93M
com.Master.mod.skin.godzilla,4.1,93,"10,000+",10000,10398,0,26M
com.toptutorial.mixedmartialarts,0,0,10+,10,47,0,5.4M
com.photo.collage.editor.collagemaker,4.6,442,"100,000+",100000,123429,0,16M
com.SugarDaddy.PianoSoundRingtone,0,0,"1,000+",1000,1316,0,11M
com.myqaa.group.akka,0,0,100+,100,253,0,9.7M
com.Riceon.Checker,0,0,100+,100,255,0,23M
com.subsplashconsulting.s_KHWGWB,0,0,50+,50,64,0,52M
com.redbayalabamaradiostations.alabamaradio,0,0,1+,1,2,0,5.6M
com.impark.isemdijital,2.4,853,"100,000+",100000,119488,0,Varies with device
com.passsong.subtitlefree,3.6,8,"1,000+",1000,1936,0,1.3M
com.trackingtopia.ibizaairportguide,0,0,100+,100,379,0,19M
com.ars.AnimalSniperShooterTheJungleHunting,0,0,100+,100,162,0,48M
com.pocketagenda.ved,0,0,10+,10,18,0,1.5M
de.zeit.audio,4.6,1831,"50,000+",50000,59566,0,13M
com.vision.fancygroup,0,0,10+,10,13,0,8.5M
com.touchesbegan.promotor,,,100+,100,135,0,Varies with device
com.sessionnotes,0,0,100+,100,276,0,26M
tech.bogomolov.discolight,0,0,100+,100,357,0,1.3M
com.BiochemistryMCQ.BiochemistryMCQ,0,0,"1,000+",1000,3141,0,3.0M
com.croynox.hdvideoplayeriptv,3.9,397,"50,000+",50000,71428,0,16M
jp.ac.kobedenshi.gamesoft.w_itou17,0,0,100+,100,306,0,11M
com.ttb.kinderactive,0,0,100+,100,143,0,54M
br.com.torinoinfo.cpmobilelages,0,0,10+,10,12,0,36M
com.kambohstudio.zaviapart_2.urdubooks.free,4.4,34,"5,000+",5000,5501,0,62M
com.webconnex.ticketspice,3.7,6,"1,000+",1000,4347,0,10M
com.wapikopa.tankwar,0,0,50+,50,66,0,16M
com.AppsBergman.JohnBrick,3.9,11,500+,500,522,0,133M
com.UnicornBirthdayCakeandCandlesFFAPPS,3.7,18,"5,000+",5000,9617,0,16M
com.andromo.dev862039.app1067226,0,0,50+,50,65,0,7.1M
sundarakanda.vipulapps.com.sundarakanda,4.8,127,"10,000+",10000,13703,0,51M
com.microdev.brain_teaser_game,0,0,50+,50,70,0,4.6M
com.readwhere.whitelabel.dainiksavera,4.3,312,"10,000+",10000,46736,0,23M
com.zilmergames.tilejump.pathfinder,0,0,10+,10,39,0,64M
com.snapscan.scan,4.3,20,"1,000+",1000,3327,0,152M
com.caredfor.icr,0,0,100+,100,179,0,15M
de.HenkeSoft.optiMap_ED,0,0,100+,100,120,0,136M
youmed.bv.bvq2,4.6,16,500+,500,872,0,23M
com.ktfj.player,0,0,10+,10,46,0,2.1M
com.patquoi.Melelemo,0,0,5+,5,9,0,1.4M
com.gallusgolf.c280.android.cherrylodge,0,0,100+,100,222,0,17M
com.lexitgroup.matborsen,0,0,100+,100,189,0,38M
com.appybuilder.laxmibhukta.CRICKETFORECASTER,4.5,83,"10,000+",10000,31286,0,9.5M
com.codecanyon.thebeat,0,0,100+,100,172,0,4.5M
com.ITHypeLLC.LiftIt,1.3,6,500+,500,513,0,40M
com.appix.makemoney,4.3,318,"10,000+",10000,27296,0,8.4M
com.dipl.wealthgrow.app,0,0,10+,10,22,0,3.2M
com.arabickeyboard.voicetyping.keyboard,0,0,100+,100,142,0,3.6M
com.enterox.gpsvt,0,0,10+,10,34,0,2.0M
com.duendeal.radionuovasangiorgioonlineappitalia,0,0,10+,10,36,0,6.2M
kr.gove.osan.dementiacare,0,0,10+,10,21,0,531k
com.m24apps.internetblocker,4,74,"10,000+",10000,18146,0,8.0M
drCLOUD.Certificati.Droid,3.9,29,"1,000+",1000,1902,0,19M
com.nmpsoft.hangmanvn,2.1,13,500+,500,919,0,2.3M
io.shopz.nashitun,0,0,10+,10,40,0,46M
delivery.amo.sorveteskisabor,5,6,100+,100,271,0,13M
conversor.conversaotaxasbasico.brlhnl,0,0,10+,10,36,0,4.2M
com.mtsgames.extremeflightsim,3.1,36,"1,000+",1000,4184,0,35M
com.fashionvalet.mobile,4.6,2199,"100,000+",100000,111384,0,83M
com.urbangirl.ugbazaar,3.9,39,"1,000+",1000,4618,0,32M
me.quiclearn.translate_en_fa,4.3,430,"10,000+",10000,19379,0,3.9M
com.palmer.cooltopuprecharge.reseller,0,0,50+,50,52,0,19M
com.soundboard.redjunglefowlfemale,3.9,36,"5,000+",5000,8964,0,13M
com.exposure.teamtampasports,0,0,500+,500,800,0,27M
com.alex.diafaneia,5,42,100+,100,232,0,3.7M
com.frozenmoth.bearwp,4.6,113,"5,000+",5000,8535,0,2.9M
com.MirrorImage.ThickHair,0,0,100+,100,238,0,5.0M
com.ss.instacollage,3.6,1093,"1,000,000+",1000000,2534748,0,19M
com.bettipsscorematch,4.8,20,500+,500,828,0,19M
versionx.guardpatrol,0,0,100+,100,299,0,5.1M
com.GameChangers.PianoTunesNightChangesOneDirection,3.6,16,"1,000+",1000,2591,0,26M
com.official.celebriffy,4.6,11,"1,000+",1000,3434,0,54M
com.isal2nd.bandacalypso.brazil,4,28,"10,000+",10000,10222,0,6.4M
br.com.teletaxiteresina.taxi.taximachine,4.7,6,500+,500,577,0,5.4M
com.nirasourikay.callbendy,4.2,82,"5,000+",5000,9687,0,7.3M
no.kommune.sandefjord.innsiden,0,0,"1,000+",1000,1054,0,13M
com.saic.OKeFOG,0,0,50+,50,87,0,11M
zw.ac.msu.android.sponsors,0,0,100+,100,272,0,16M
com.apps.bloodbank,0,0,1+,1,2,0,15M
com.bytescaffold.limitlesspaint,4.5,236,"10,000+",10000,34125,1.99,1.6M
com.goup.alonemarchme,0,0,500+,500,538,0,11M
com.ionicframework.costofliving241255,3.2,10,"1,000+",1000,3917,0,11M
com.ynvapps.weaponsringtones,3.4,89,"50,000+",50000,77299,0,6.7M
com.pro.betting,0,0,5+,5,8,0,30M
uk.ac.ox.ibme.stayactive,0,0,5+,5,9,0,9.4M
org.cocos2d.WordLine,0,0,100+,100,267,0,28M
com.rika.noviana.h.muammar.za.bimbingan.tilawatil.quran.offline.tilawatilmuammar.qiroat.muammarza,4.3,132,"10,000+",10000,14632,0,69M
com.NewL00k.DemonSlayerQuizAnime.KimetsunoYaibaChallange,0,0,"1,000+",1000,1192,0,16M
com.udac.coders.Pianotile,5,16,10+,10,34,0,3.7M
com.godevelopers.Pterodactyl,0,0,100+,100,295,0,22M
com.xrsta.xatr,,,10+,10,14,0,Varies with device
fi.cardplus,0,0,100+,100,221,0,30M
com.sapanbhuta.goodfellas,4,8,"1,000+",1000,1628,0,Varies with device
za.co.pwharvey,0,0,100+,100,122,0,52M
com.whats360,4.4,469,"100,000+",100000,148112,0,7.5M
uk.co.mrdw.photostopwatch,4.1,82,"10,000+",10000,14209,0,343k
appinventor.ai_ttaslicay.TekmanBatur,5,5,50+,50,51,0,6.2M
com.taxsee.driver,4.4,246,"5,000,000+",5000000,6864573,0,18M
com.ilmuhikmahasmasuryani.forextradingplatforms,4.5,132,"10,000+",10000,10911,0,16M
com.mektricals.newapp,0,0,10+,10,43,0,7.3M
com.magic.arena.kindom.story.momotaro.memory,4.1,248,"10,000+",10000,22737,0,84M
com.zuinqstudio.ismygymtpv,0,0,10+,10,17,0,4.9M
com.hole19golf.wear,2.8,160,"10,000+",10000,10407,4.99,30M
com.vantoanapps.birdsimageswallpapers,3.8,12,"5,000+",5000,5903,0,4.3M
com.poc.dkna,0,0,5+,5,6,0,1.2M
com.quickmobile.decontainer,0,0,10+,10,35,0,54M
com.prasen.madhyamikphysicalsciencemcq,0,0,"10,000+",10000,23996,0,13M
com.manu.valentineday,0,0,100+,100,127,0,5.9M
com.desclick.pizzaprontonemours,0,0,100+,100,310,0,4.4M
com.diwali.photo.frame2019.diwaliphotoframe2019.holi.frame2020.august.photoframe,3.8,6,"1,000+",1000,3685,0,5.6M
simply.learn.portuguese,4.4,395,"50,000+",50000,70812,0,7.7M
com.processingbox.onewordperdayes,3.5,16,"1,000+",1000,4007,0,6.3M
com.minube.guides.berlin,3.7,14,"1,000+",1000,2942,0,40M
com.kavitul.drcardioecg,0,0,10+,10,28,0,4.8M
com.PreDesgin.Premium,4,6,100+,100,423,0,12M
com.iwaiterapp.papillonsalatsandwiches,0,0,50+,50,56,0,21M
net.bamboomedia.speedresto,0,0,"1,000+",1000,1558,0,5.4M
com.sfcm.app,0,0,100+,100,373,0,Varies with device
uz.ecma.ussdc015,4.4,7,100+,100,392,0,6.5M
de.phoenixcontect.visuplusmobile,3,7,"1,000+",1000,2596,0,"1,018k"
com.opensipkd.esptpdsubang,0,0,500+,500,538,0,3.8M
com.fawwazsound.beberexha,3.9,40,"1,000+",1000,3590,0,34M
com.qamar.ide.web,4.1,1476,"100,000+",100000,192935,0,6.0M
jp.co.right.cleanponmarutomi,3.8,6,"1,000+",1000,2492,0,3.1M
com.assetinfinity.ticketportal,0,0,10+,10,37,0,7.5M
com.smartgladiator.lockdown,0,0,1+,1,2,0,11M
com.alexmayo.ascula,0,0,50+,50,50,0,9.9M
com.l1inc.yamahacartgps,3.1,23,"10,000+",10000,24243,0,4.1M
com.kingzapps.datastructuremcqs,4,18,"1,000+",1000,1935,0,10M
com.andromo.dev560918.app646484,4.1,11,"5,000+",5000,5809,0,5.5M
com.AutoLean.puregas,2.1,852,"100,000+",100000,142327,0,16M
com.setesedition.totalstages,3.9,7,"1,000+",1000,3236,0,4.6M
com.promes.eye,0,0,"5,000+",5000,9111,0,16M
com.coimbatore_musicals,0,0,50+,50,57,0,4.8M
com.perfectgym.perfectgymgo2.triberussia,4.6,10,100+,100,229,0,40M
com.stl.fazzaco,5,156,"10,000+",10000,11354,0,23M
com.uniqueundead.love,4.2,115,"10,000+",10000,12415,0,1.2M
com.ksm.souqpay,0,0,50+,50,92,0,9.0M
neo.chatapp.application,0,0,5+,5,8,0,3.8M
com.errands.customer,3.4,5,"1,000+",1000,3251,0,15M
com.duo.cylinder,5,5,"1,000+",1000,1215,0,17M
com.Toddlerama.Instruments2,0,0,100+,100,492,0,34M
com.IdleGame.DailyFarm,4,346,"10,000+",10000,28409,0,63M
com.magzter.altagamamotor,4.3,11,500+,500,995,0,11M
com.vendor.foodcyclon,0,0,100+,100,128,0,16M
com.oml.invatamanimalele,0,0,5+,5,9,0,19M
com.reverbs.doublepath,4.9,7,10+,10,24,0,22M
com.zabuzalabs.car_racing_ar,3.4,1290,"100,000+",100000,269845,0,36M
nl.mijnbezorgapp.kid_182,0,0,100+,100,118,0,3.4M
com.infinitylovesatl,0,0,100+,100,425,0,17M
com.gcpadm.hiphopradio,0,0,100+,100,242,0,3.9M
com.averta.riceproject,4.3,6,500+,500,921,0,12M
kr.go.suncheon.ctcard,4.2,14,"10,000+",10000,13026,0,2.4M
com.nomconv.owner.chkwifi,0,0,10+,10,37,0,3.0M
com.hnakra.chaptertoday,0,0,10+,10,10,0,16M
com.iw.timeinvestment,4.7,14,100+,100,278,0,2.7M
com.ggs.impossible.bicycle.bmxracer.stunts.tracks,0,0,"1,000+",1000,3900,0,31M
com.freeunblock.fastvpn.vpnmaster.vpnunblockwebsites,3.9,7,"1,000+",1000,1099,0,6.6M
charli.calculaitor,0,0,10+,10,31,0,2.8M
ru.nika.android,4.6,27,"10,000+",10000,18181,0,57M
com.vaneappsolution.callernamephonecall,0,0,10+,10,10,0,14M
com.alex.kele,0,0,10+,10,11,0,2.3M
com.eshiksa.bbsa,0,0,5+,5,8,0,20M
com.radiosamfm.radiofmromania,0,0,50+,50,53,0,7.5M
com.online.careershub,4.8,9,100+,100,411,0,13M
com.logitdnvgl.logit,0,0,100+,100,379,0,3.8M
com.live.keyboard.reindeer,0,0,100+,100,487,0,5.4M
com.playrmakr.totalsoccer,3.1,641,"50,000+",50000,77433,0,86M
co.sgbuilder.ringtonestars123.oppoK3oppoF11pro,3.9,29,"10,000+",10000,12733,0,9.2M
com.guillemot.djuced,2.6,388,"10,000+",10000,31358,0,Varies with device
com.mapyourempire.www.myelivechat,2.9,15,500+,500,631,0,2.9M
com.ugandahistory.historyuganda.kas,0,0,100+,100,202,0,2.6M
com.grvinv.app.grvinvestment,0,0,10+,10,19,0,9.2M
com.aptsoexports.aptso,4.9,20,500+,500,728,0,3.8M
app.co.kunbi,0,0,100+,100,107,0,7.3M
com.moth.connect,0,0,5+,5,8,0,142M
com.aircontioner.senville,2.2,67,"5,000+",5000,5699,0,21M
ru.kih.transport.kuban,2,60,"5,000+",5000,5118,0,2.5M
com.cxzh.cooler,4.5,17130,"500,000+",500000,820680,0,16M
com.parudi.tap.the.globe,4.1,243,"10,000+",10000,15966,0,8.1M
com.zeroapp.katrina_kaif_wallpapers,3.9,65,"10,000+",10000,25789,0,12M
com.msewa.qwikerpaymerchant,0,0,10+,10,15,0,2.8M
com.stock.stockmaster,0,0,1+,1,4,0,1.3M
com.trainerize.drewgathererpt,0,0,10+,10,15,0,152M
com.antarjaal.startupquotes,4.5,20,"1,000+",1000,1361,0,3.7M
com.secretphotosandvideoslocker,4,2606,"1,000,000+",1000000,1475324,0,6.4M
com.androtech.duohangout,0,0,50+,50,91,0,6.9M
com.limontaxi.finder,3.8,68,"5,000+",5000,9353,0,6.8M
best.photo.app.womanhairstyles2018,3.2,5760,"1,000,000+",1000000,2659567,0,Varies with device
com.famcast.famon,0,0,100+,100,460,0,52M
com.itstock.talk,0,0,100+,100,234,0,3.5M
com.app.enigmaradio,0,0,50+,50,52,0,5.4M
com.carttronics.storeport,0,0,100+,100,231,0,3.9M
com.kgtasarim.DinosaurWallpaper,0,0,500+,500,674,0,9.7M
com.idk.Spaceshipgowee,5,8,10+,10,24,0,14M
com.hoursandpayapp.track,4.4,7,"1,000+",1000,1100,0,9.1M
com.smcreations.aircraftsystems,4.8,21,"5,000+",5000,6487,0,45M
com.aristocracy.crypto.currency.converter.money.exchange.rate.foreignexchange,4.6,178,"5,000+",5000,7653,0,11M
com.avmlogiciels.WinStox.WinStoxMvpApp,0,0,100+,100,255,0,12M
com.vontobel.caas.square,4.3,19,"1,000+",1000,2822,0,21M
com.chordgitarindonesia.androidapp,4.2,47,"10,000+",10000,16522,0,6.6M
com.jjantoine.firstbook,0,0,50+,50,51,0,7.1M
makanaja.com,0,0,5+,5,7,0,9.6M
com.valnargames.bota,0,0,100+,100,195,0,44M
com.bewe.app179,0,0,10+,10,42,0,35M
com.thisgameiscreatedalonebyme.warrior_of_war,4,731,"50,000+",50000,71674,0,29M
com.game.mindgame,4.9,16,10+,10,45,0,4.3M
com.ecler.replayer,0,0,"1,000+",1000,1091,0,4.9M
my.com.clarify.oneidentity,0,0,100+,100,280,0,16M
com.application.bmc.mapleofflineplanner,0,0,50+,50,65,0,3.6M
com.simpleappf1dietplanrecipes,0,0,10+,10,27,0,11M
com.avi.astroapp,4.3,67,"50,000+",50000,75969,0,18M
com.edusecure.sandeep.spsshahkot,0,0,10+,10,35,0,4.3M
com.WolfPack.ColorPool,0,0,10+,10,12,0,12M
com.rainbowwallpaper.rainbowlive,4.5,53,"5,000+",5000,5516,0,21M
com.red.black.cool.business.theme,4.7,10,500+,500,996,0,4.1M
com.mpowercab.mpowercab,5,5,50+,50,58,0,2.0M
com.technoriseit.simownerdetails.simownername.simcard,0,0,"10,000+",10000,16749,0,6.5M
eiplysoft.wheelie,4.1,15,500+,500,673,0,5.6M
com.maelstrom.IntSightWordsFreeGGL,4,34,"10,000+",10000,12558,0,14M
com.smaappar.sve.kompis100,0,0,10+,10,13,0,1.3M
biz.mpowered.FC80001,0,0,10+,10,24,0,1.0M
com.dotpro.environmentalstudiesnotes,0,0,100+,100,162,0,6.0M
makatea.pro.calculator.widget,3.5,468,"10,000+",10000,12019,0.99,886k
nz.co.getalt,0,0,100+,100,132,0,27M
com.luatgiabuithanhtrung.nha_o,0,0,"1,000+",1000,2083,0,9.4M
com.SpartanCode.Wall,0,0,50+,50,52,0,18M
shreenavnath.software.com.msexcel,0,0,100+,100,155,0,3.8M
ru.elleriumsoft.e80,4.4,646,"50,000+",50000,54312,0,53M
com.adm.zut,3.5,24,"1,000+",1000,1493,0,24M
com.w264bh.player,5,10,"1,000+",1000,1276,0,2.1M
com.even3.games.Only60,3.3,54,"10,000+",10000,27962,0,20M
com.satria.nusantara,4.8,25,500+,500,639,0,14M
io.tsc.tracker,0,0,10+,10,13,0,27M
com.lwj.jumpjump,0,0,10+,10,39,0,26M
com.aps.sniper.fury,4.4,1232,"500,000+",500000,633557,0,91M
ie.flipdish.fd13550,0,0,50+,50,55,0,12M
harasubaru.katoonaire,4.8,54,"1,000+",1000,2093,0,83M
lt.cpartner.smktimetable,4,38,"5,000+",5000,5014,0,10M
oraciones.catolicas.devocionario.diarias,4.7,15,"1,000+",1000,3869,0,12M
com.monosterrony.meyepotanortips,4.3,64,"10,000+",10000,40365,0,2.8M
com.Ready.bibliavalera,4,7,100+,100,250,0,6.6M
com.androidtranslator.HindiToAlbaniantransletor,0,0,10+,10,18,0,5.4M
webchon.kjyh.kr.webchon_kjyh,0,0,50+,50,88,0,1.6M
com.ags.ls,0,0,100+,100,160,0,3.3M
au.sinopacific.petprotect,2.8,6,500+,500,534,0,4.0M
com.mobileappsprn.chesrown,0,0,100+,100,260,0,26M
tuple.me.vlcremote,4.1,1048,"100,000+",100000,279012,0,Varies with device
com.winias.app,4.5,26,500+,500,782,0,34M
com.tuneradios.riograndedosul,4.4,41,"5,000+",5000,5374,0,6.0M
com.efexxapps.android5a6f923359fe6,0,0,100+,100,335,0,20M
com.chandansmartgames.matchme,4.5,13,100+,100,147,0,30M
com.Football_Questions.user.trinnig,5,21,100+,100,400,0,22M
proverbes.citations.arabes.francais,4.3,9,"1,000+",1000,3189,0,3.6M
de.stativate.app,0,0,5+,5,5,0,27M
com.andromo.dev466877.app807512,0,0,500+,500,900,0,4.8M
rs.multisoft.zoviue,0,0,100+,100,431,0,2.5M
com.datasymbol.barcodescanner,0,0,100+,100,246,0,3.3M
com.merchant.cliQer,5,9,100+,100,169,0,25M
com.bookdose.dwr,0,0,50+,50,95,0,61M
ca.robbieelias.matchtrackerwarzone,2.6,38,"10,000+",10000,15770,0,32M
com.backyouliveclient.android,0,0,100+,100,460,0,13M
neus.n24rajasthan,4.8,21,"1,000+",1000,1475,0,8.4M
com.vi.kidsimulator.virtualdad,4.4,118,"10,000+",10000,19213,0,36M
com.tracplus.u1mobile,0,0,100+,100,160,0,36M
com.islam.vagizdar,4.6,17,"1,000+",1000,1078,0,61M
com.wangyiyun.musichotcomments,4.3,9,"1,000+",1000,1200,0,5.4M
com.cai.royal.photo.frames,4.4,434,"50,000+",50000,57720,0,16M
com.wgkl.player,4.2,5,500+,500,503,0,7.2M
com.rishanapps.koster_status,4.2,16,"10,000+",10000,14767,0,3.1M
com.PakApps.BeefRecipes,5,7,"1,000+",1000,3964,0,Varies with device
com.BestFreeGames.FireTruckRescueDrivingSim3D,3.6,87,"50,000+",50000,82304,0,36M
com.ideas.be_successfullite,4.6,129,"50,000+",50000,52039,0,29M
it.vulneraria.ticketmaniac,0,0,100+,100,406,0,2.1M
appinventor.ai_ron_volders.Shoppinglist,0,0,1+,1,1,0,5.2M
com.nobexinc.wls_2897285142.rc,4.9,72,500+,500,793,0,24M
turnoff.and.lock.screen,0,0,"1,000+",1000,1263,0,4.1M
com.listen2myapp.akusticfm,3.7,6,"1,000+",1000,1156,0,18M
com.doonung.activity,3.7,22803,"5,000,000+",5000000,5278071,0,20M
com.makeshop.powerapp.hjcc,0,0,100+,100,249,0,3.8M
com.tweedtechservices.tmapp,0,0,1+,1,2,0,48M
com.DMMCe.RoadAlignment,0,0,10+,10,31,0,15M
com.SmartSave.Saveme_ng,4.2,77,"1,000+",1000,2398,0,3.7M
io.appery.project516878,0,0,100+,100,168,0,11M
com.anvix.rog.color,4.1,54,"10,000+",10000,13280,0,24M
com.midwest.videopoker.g,3.9,101,"10,000+",10000,23657,0,2.8M
com.dipentutorial.GKinBangla,0,0,100+,100,419,0,2.5M
nl.mijnverlofdagen.activities.web,3.6,15,"1,000+",1000,1606,0,188k
com.anwmark.takefoodatdoor,4.9,55,100+,100,472,0,9.4M
com.dailystatcards.mobile,4.2,86,"10,000+",10000,10795,0,10M
us.vrglasses.abandonedcity,3.2,177,"10,000+",10000,17093,0,46M
com.dknetwork.blabbermouth,4.2,161,"10,000+",10000,12667,0,21M
pl.lowiecpolski.lowiec,3.9,46,"5,000+",5000,6220,0,24M
com.tgc.coroebus,3.8,14,"1,000+",1000,2697,0,37M
com.xtechsoftsolution.quotes,0,0,1+,1,3,0,3.9M
com.awbajarts.tebakgambar,3.8,187,"10,000+",10000,19986,0,20M
com.devmssc.jerzyurbansoundboard,4.2,8,500+,500,788,0,6.2M
br.com.segware.mysecurity.vigiez,0,0,100+,100,147,0,Varies with device
com.shoutcast.stm.montegerizim,5,9,100+,100,190,0,5.3M
com.newandromo.dev767947.app888367,0,0,100+,100,163,0,2.3M
com.somostudio.philosophyofscience,0,0,100+,100,159,0,4.5M
com.bhattipk098.Heer_Ranjha_story,0,0,"1,000+",1000,1350,0,4.1M
christian.com.dating,3.6,283,"10,000+",10000,28580,0,4.7M
com.videoaudio.downloader,4.8,19,50+,50,61,0,2.7M
anew.com.myapplication,0,0,100+,100,267,0,50M
apps.recipes.salad,0,0,100+,100,195,0,28M
com.redswan.rollingstonesthemes,4.1,23,"5,000+",5000,6003,0,13M
com.thegridnet.conference,,,50+,50,92,0,Varies with device
com.Y30000.RunChicken,5,6,10+,10,38,0,43M
ondas.deubate,5,44,500+,500,985,0,6.1M
com.aplications.adimov.balonkids,4.8,19,100+,100,153,0,9.1M
com.shoutcast.stm.dreamingfm,0,0,50+,50,74,0,1.5M
ge.bog.tskapp,2.8,1964,"100,000+",100000,104848,0,15M
com.dadnan.knskh,0,0,50+,50,95,0,8.3M
net.ays.PROD641460,0,0,1+,1,4,0,11M
com.offroad.taxi.simulator.driving,4,3993,"500,000+",500000,805669,0,26M
com.BXT.ComputerQuiz,0,0,10+,10,38,0,14M
com.abdelbasithq.kahf,4.8,84,"10,000+",10000,16729,0,25M
catolico.santo.rosario.maria,4.8,33,"10,000+",10000,16115,0,14M
com.andromo.dev710410.app753324,4.4,104,"10,000+",10000,18130,0,17M
com.pink.cute.couple.cartoon.theme,0,0,100+,100,234,0,3.5M
com.babysleeping.goodnight.lullaby.one,0,0,500+,500,502,0,43M
com.mobileappsprn.claycooley,0,0,100+,100,195,0,31M
ng.com.leadingtraders,0,0,5+,5,7,0,5.9M
cafeteria.multiple.bonn,3.5,25,"5,000+",5000,5151,0,9.0M
gr.hubit.physiopro,0,0,10+,10,22,0,5.4M
com.deskcenter.mobile.messaging,0,0,10+,10,28,0,17M
com.chownow.deliasitaliandeli,0,0,50+,50,67,0,17M
com.calculatorlock.vaultlockjjfrst,0,0,10+,10,10,0,10M
com.EuroMobiliareMobile,4,34,"5,000+",5000,6351,0,13M
com.itechnotion.grocerydriver,0,0,5+,5,5,0,4.7M
com.TheQuietIsle.FillYaGrid,0,0,100+,100,381,0,19M
com.chillmusic.lofiguitar.aesthetic,4,351,"10,000+",10000,12895,0,32M
com.srh.education,0,0,10+,10,13,0,45M
com.encompassbankapp,0,0,50+,50,59,0,9.1M
com.appsdelfuturo.comotenerinternetgratis,0,0,100+,100,175,0,19M
com.arovan.guideforlikevideocreation,3.6,10,500+,500,745,0,3.5M
com.herish.android.EnglishToBangla,3.5,107,"50,000+",50000,71166,0,14M
com.RadioFrancia.MusicaFrancesaGratis,0,0,"1,000+",1000,1039,0,6.6M
com.theweather.today.word,4.2,21,"1,000+",1000,1270,0,16M
com.ovechkinmaxim.vegetarianrecipes,3.5,620,"50,000+",50000,67402,0,6.5M
com.development.cosmic_m.footballfanatic,0,0,10+,10,36,0,5.6M
com.ring.brave,0,0,"1,000+",1000,4074,0,31M
com.goodbarber.marketingtools,4.5,11,"1,000+",1000,1692,0,16M
com.katamapps.policephotosuit,4.1,7,"1,000+",1000,1714,0,7.9M
com.qupworld.haidr,0,0,50+,50,66,0,35M
com.fitnessmobileapps.minnesotamash,0,0,100+,100,200,0,22M
com.platfomni.rulybka,4.4,10549,"500,000+",500000,529848,0,18M
co.thor.tkawy,3.2,20,100+,100,192,0,39M
apd.islamic.TohfaRamzan,0,0,"1,000+",1000,1097,0,2.7M
mediasolutions.magicland,0,0,100+,100,192,0,8.2M
com.shalbanvihara.frzshalbanvihara,0,0,1+,1,1,0,2.5M
com.ogien.threejewels2,4,61,"10,000+",10000,31727,0,52M
com.offroad.cargo.truck.simulator.euro,3.9,9443,"1,000,000+",1000000,3040422,0,Varies with device
com.netpulse.mobile.axistraining,0,0,100+,100,179,0,79M
online.techway.bsafebangaluru,0,0,100+,100,340,0,1.7M
com.shopdely.go,0,0,10+,10,21,0,9.3M
com.resultsdirect.eventsential.branded.cost,0,0,"1,000+",1000,1694,0,17M
com.neovia.royalhorse,3.6,14,"1,000+",1000,2066,0,7.9M
it.gustocapitale.android5d5d168e88a36,0,0,50+,50,52,0,6.7M
tw.com.mebook.generic4719180217042,0,0,1+,1,2,2.99,17M
com.jymstudio.wamo1001.pittsburgh.radio,0,0,100+,100,105,0,4.9M
chlink.app.chlink,0,0,100+,100,138,0,10M
com.fitnessmobileapps.bromleytenniscentre,0,0,10+,10,47,0,29M
com.estudioalfa.gestorapps.lasallejoven,0,0,100+,100,407,0,6.1M
com.fashidwholesale.fashidwholelsalereselling,3.8,89,"5,000+",5000,6844,0,5.2M
uk.polypack.cats,3.3,72,"10,000+",10000,22664,0,47M
fast.explorer.web.browser,4.4,103945,"10,000,000+",10000000,13629503,0,6.8M
sistemavitto.artegourmet,5,6,500+,500,935,0,20M
com.cybernautica.solitaire.cards,4.5,2523,"500,000+",500000,721230,0,28M
com.foursgames.spidermaster,0,0,"1,000+",1000,2674,0,20M
com.nationalanthem.bhutansongs,0,0,100+,100,238,0,4.3M
com.untoma1gh.oneghanamarket,0,0,100+,100,310,0,1.9M
smallhubsgabrielle.hongloumeng,0,0,100+,100,396,0,4.3M
nl.inproman.gofilex,0,0,100+,100,400,0,31M
com.cyberschool.acadiaparish,0,0,5+,5,9,0,16M
com.sherrihill.android_app_consumer,2.1,9,"1,000+",1000,1435,0,20M
com.meuvesti.blubetty,0,0,"1,000+",1000,1745,0,10M
com.slapphub.examresults,4.3,38,"5,000+",5000,8258,0,4.5M
com.logapps.aewenradio,0,0,100+,100,260,0,3.6M
com.OnlineShop.sanjay,0,0,5+,5,7,0,6.5M
com.zenpepperapp.gothamsdeli,0,0,5+,5,5,0,28M
br.com.tine,4.2,12,"1,000+",1000,1445,0,14M
com.sjdelivery.customerapp,0,0,50+,50,57,0,37M
com.attendify.conf656enj,0,0,50+,50,51,0,107M
com.bhappdevelopment.balancedhealthlimited,0,0,50+,50,55,0,9.5M
com.newbgames.hallways,0,0,10+,10,11,0,23M
com.dominqueponce.bolemvnprendstamonnaie,0,0,100+,100,306,0,7.1M
com.vjy.cekpajakkalimantantengah,2.2,17,"1,000+",1000,4473,0,5.3M
appinventor.ai_venky2063.Project17,0,0,10+,10,33,0,3.3M
com.foolpeach.customerrelationship,0,0,10+,10,37,0,12M
com.actus.faceafrique,4.4,246,"50,000+",50000,54272,0,9.5M
indian.desigirlsbhabhilivehotchat,5,85,500+,500,669,0,9.3M
com.pressbible.view,4.7,32,"100,000+",100000,406797,0,44M
id.compro.lumajanguntukkita,5,7,100+,100,112,0,16M
gold.rose.goldroselivewallpaper,5,187,"1,000+",1000,2834,0,8.6M
com.mcb.parentrockwell,4.1,111,"1,000+",1000,2901,0,9.0M
com.realhollywoodstarz.app,0,0,5+,5,9,0,2.4M
com.empatstickers.stickers,3.7,11,"1,000+",1000,4273,0,6.4M
com.tg.cargoshipmanual2crane,3.9,329,"50,000+",50000,74761,0,95M
com.littlecloud.android.smartgyro,2,259,"10,000+",10000,40256,0,14M
com.OpenAR.Myco4Vet,0,0,10+,10,24,0,46M
tw.org.iii.iiiandroid6,0,0,10+,10,14,0,2.9M
com.dinsafer.novaproplus4g,0,0,100+,100,132,0,56M
com.bonacasa.wiesendangen,0,0,10+,10,26,0,21M
fi.dna.omadna,3.9,440,"100,000+",100000,174403,0,60M
psyberia.alpinequest.free,4.5,11652,"1,000,000+",1000000,1780972,0,6.7M
org.lordsapps.www.android59fcb6180230f,4.7,69,"1,000+",1000,3726,0,6.9M
com.vestedapps.western.movie,3.8,57,"10,000+",10000,12293,0,5.8M
fr.feelity.timsport.timmanager,0,0,1+,1,2,0,38M
com.yukngaji.kajianMaulanaTareqJameel,0,0,100+,100,225,0,3.6M
com.keith_magee.traveltips,4.8,25,100+,100,462,0,44M
com.phatgiao.nhacthanchuphatgiao,0,0,100+,100,154,0,27M
com.makeshop.powerapp.cjw1023,0,0,"1,000+",1000,1977,0,3.8M
com.aso.aeropuerto,0,0,5+,5,5,0,3.8M
happy.new.year2019.live.wallpaper,4.3,3309,"1,000,000+",1000000,1300755,0,15M
mahabharat.arjun.warrior,4.3,8245,"100,000+",100000,303393,0,30M
com.evancejaye.tatua3kenya,4.1,70,"5,000+",5000,8971,0,1.9M
com.theoldfarmshed,0,0,5+,5,7,0,39M
com.sptech.speedtest,0,0,10+,10,23,0,6.2M
vn.com.teen2.club,3.2,1541,"50,000+",50000,86993,0,23M
de.facentis.meinlotto,3.9,20,"1,000+",1000,2236,0,3.8M
com.fanfan.rwuandaradios,0,0,10+,10,24,0,5.3M
com.gmail.tderioan.easystudio,4.8,6,100+,100,229,0,2.0M
com.bestridesimulators.theme.park.simulator.game,3.8,1158,"10,000+",10000,23644,0.99,36M
com.sktelecom.myinitial,3,191,"100,000+",100000,128233,0,95M
com.PD.columbiaradio.southcarolinaradiostations,0,0,10+,10,13,0,6.7M
com.x3ms.flexmobility,0,0,100+,100,285,0,62M
com.alphaway.fashionidol,3.6,4020,"100,000+",100000,491635,0,71M
